{"stats":{"minecraft:used":{"minecraft:redstone_torch":258,"minecraft:lever":51,"minecraft:light":27,"minecraft:writable_book":2,"minecraft:repeater":56,"minecraft:redstone_lamp":125,"minecraft:light_gray_concrete":1767,"minecraft:grass_block":388,"minecraft:redstone":788,"minecraft:birch_sign":49,"minecraft:white_concrete":68},"minecraft:custom":{"minecraft:time_since_rest":203098,"minecraft:crouch_one_cm":7776,"minecraft:sprint_one_cm":64879,"minecraft:play_time":203098,"minecraft:walk_one_cm":425140,"minecraft:sneak_time":6542,"minecraft:drop":4,"minecraft:jump":577,"minecraft:leave_game":5,"minecraft:time_since_death":203098,"minecraft:traded_with_villager":133,"minecraft:total_world_time":341888,"minecraft:talked_to_villager":15,"minecraft:fly_one_cm":691070},"minecraft:dropped":{"minecraft:birch_sign":1,"minecraft:lever":1,"minecraft:white_concrete":1,"minecraft:redstone":1},"minecraft:crafted":{"minecraft:saddle":12,"minecraft:leather_helmet":33,"minecraft:emerald":40,"minecraft:leather_boots":12,"minecraft:leather_leggings":12,"minecraft:leather_horse_armor":12,"minecraft:leather_chestplate":12,"minecraft:air":0},"minecraft:picked_up":{"minecraft:lever":13,"minecraft:birch_sign":5,"minecraft:redstone_torch":29,"minecraft:white_concrete":1,"minecraft:emerald":38,"minecraft:redstone":25}},"DataVersion":2730}