{"stats":{"minecraft:used":{"minecraft:redstone_torch":188,"minecraft:lever":38,"minecraft:light":21,"minecraft:repeater":34,"minecraft:redstone_lamp":95,"minecraft:light_gray_concrete":1086,"minecraft:grass_block":123,"minecraft:redstone":574,"minecraft:birch_sign":26,"minecraft:white_concrete":43},"minecraft:custom":{"minecraft:time_since_rest":135708,"minecraft:crouch_one_cm":3242,"minecraft:sprint_one_cm":31232,"minecraft:play_time":135708,"minecraft:walk_one_cm":274562,"minecraft:sneak_time":3392,"minecraft:drop":4,"minecraft:jump":372,"minecraft:leave_game":4,"minecraft:time_since_death":135708,"minecraft:total_world_time":170664,"minecraft:fly_one_cm":360407},"minecraft:dropped":{"minecraft:birch_sign":1,"minecraft:lever":1,"minecraft:white_concrete":1,"minecraft:redstone":1},"minecraft:picked_up":{"minecraft:lever":9,"minecraft:birch_sign":2,"minecraft:redstone_torch":18,"minecraft:white_concrete":1,"minecraft:redstone":23}},"DataVersion":2724}